ID,Actual_Volume,Temp
0.000000000000000000e+00,5.044934283060224516e+02,1.509191725816125285e+01
2.000000000000000000e+00,5.047953770762013619e+02,1.517490001228395435e+01
3.000000000000000000e+00,5.065460597128160316e+02,1.449797270157899476e+01
6.000000000000000000e+00,5.066584256310147794e+02,1.495970012535162041e+01
7.000000000000000000e+00,5.050348694583058204e+02,1.458347197149962149e+01
9.000000000000000000e+00,5.045851200871719016e+02,1.472522986270223200e+01
1.700000000000000000e+01,5.041284946651905443e+02,1.518436657365876030e+01
2.000000000000000000e+01,5.064312975378431361e+02,1.486055830292462154e+01
2.700000000000000000e+01,5.042513960366913466e+02,1.496899799531698427e+01
3.100000000000000000e+01,5.072045563690178938e+02,1.453776700593522264e+01
3.400000000000000000e+01,5.051450898242063658e+02,1.487830801031249095e+01
4.000000000000000000e+01,5.049769331599908355e+02,1.514781224437354723e+01
4.700000000000000000e+01,5.056142444524378448e+02,1.458136878447514917e+01
4.800000000000000000e+01,5.041872365791369361e+02,1.469606236966209067e+01
5.000000000000000000e+01,5.041481679387895838e+02,1.472586560253746057e+01
5.300000000000000000e+01,5.047233525776817373e+02,1.511027071350693340e+01
5.400000000000000000e+01,5.055619990449919214e+02,1.560897957615277853e+01
5.500000000000000000e+01,5.053625602382323905e+02,1.474340181774330283e+01
5.800000000000000000e+01,5.041625268628071126e+02,1.558986260418035563e+01
5.900000000000000000e+01,5.054510902542447184e+02,1.509705381547667891e+01
6.400000000000000000e+01,5.051250516447884138e+02,1.520430365385088400e+01
6.500000000000000000e+01,5.062124800571416472e+02,1.484609576443055801e+01
6.700000000000000000e+01,5.055070657957840581e+02,1.455665953885827157e+01
6.800000000000000000e+01,5.042232720500952610e+02,1.526740866817295483e+01
7.000000000000000000e+01,5.042227912110168404e+02,1.468134612648560200e+01
7.100000000000000000e+01,5.065760731329319242e+02,1.522919335177574141e+01
7.300000000000000000e+01,5.066292873116279907e+02,1.470769113467139988e+01
7.500000000000000000e+01,5.051438050087504621e+02,1.454515829150908246e+01
8.100000000000000000e+01,5.042142251430234978e+02,1.393964992368246669e+01
8.200000000000000000e+01,5.064557880894830078e+02,1.469656741107141151e+01
8.600000000000000000e+01,5.053308042354041731e+02,1.473687607174128900e+01
8.700000000000000000e+01,5.041575022193193831e+02,1.569416888910422436e+01
8.900000000000000000e+01,5.045265348662267115e+02,1.519149449237046490e+01
9.100000000000000000e+01,5.054372899810657600e+02,1.393471676009639992e+01
9.600000000000000000e+01,5.040922405541291482e+02,1.395794353025070578e+01
9.700000000000000000e+01,5.040221105443598049e+02,1.586234832488055346e+01
1.050000000000000000e+02,5.043081017136290711e+02,1.537528958376088362e+01
1.060000000000000000e+02,5.072723718024210484e+02,1.479190279755737336e+01
1.080000000000000000e+02,5.040151007814455397e+02,1.477499357100209387e+01
1.130000000000000000e+02,5.084264842249705794e+02,1.537896092496180955e+01
1.150000000000000000e+02,5.041030946846672123e+02,1.592430441664820506e+01
1.180000000000000000e+02,5.057856456290300571e+02,1.504903376976947271e+01
1.190000000000000000e+02,5.050038660653735292e+02,1.564793589093150672e+01
1.200000000000000000e+02,5.050820638940861045e+02,1.464058380619563415e+01
1.220000000000000000e+02,5.063055886218721753e+02,1.490265135194165858e+01
1.240000000000000000e+02,5.046737141876005239e+02,1.504587624222418718e+01
1.250000000000000000e+02,5.078809112516199775e+02,1.512612019821333931e+01
1.330000000000000000e+02,5.044471848612703866e+02,1.547765027911887614e+01
1.350000000000000000e+02,5.065998688100351046e+02,1.573633533787549155e+01
1.380000000000000000e+02,5.051270344347393575e+02,1.418025791873728281e+01
1.410000000000000000e+02,5.061142855085648762e+02,1.476675231038590042e+01
1.440000000000000000e+02,5.040197655884968526e+02,1.516202851411078001e+01
1.450000000000000000e+02,5.050636457435546163e+02,1.442615430509216701e+01
1.480000000000000000e+02,5.045438831312337697e+02,1.490655192091900716e+01
1.490000000000000000e+02,5.040939693464663947e+02,1.418476337814242960e+01
1.500000000000000000e+02,5.040009857006917287e+02,1.560299725827340822e+01
1.510000000000000000e+02,5.041928964189939393e+02,1.538870367638225645e+01
1.540000000000000000e+02,5.040861449465973578e+02,1.452554173958758099e+01
1.560000000000000000e+02,5.072315490222895278e+02,1.546609578213019276e+01
1.570000000000000000e+02,5.044476658418235502e+02,1.488172235639052765e+01
1.590000000000000000e+02,5.048131072172676568e+02,1.444685324379418212e+01
1.610000000000000000e+02,5.050741692074848856e+02,1.469570513838015025e+01
1.620000000000000000e+02,5.058171911580147935e+02,1.473551114596799216e+01
1.640000000000000000e+02,5.054267522584886478e+02,1.561154153354766194e+01
1.650000000000000000e+02,5.043255618538730118e+02,1.487057279981508451e+01
1.660000000000000000e+02,5.051441203199889856e+02,1.517625248417843942e+01
1.670000000000000000e+02,5.072935859653078978e+02,1.471482431679315894e+01
1.730000000000000000e+02,5.041823039496333081e+02,1.599363799961540344e+01
1.740000000000000000e+02,5.040533815986600530e+02,1.545568136108736113e+01
1.750000000000000000e+02,5.051543664980720223e+02,1.505287689563574105e+01
1.770000000000000000e+02,5.064070681543146293e+02,1.457684201126713219e+01
1.790000000000000000e+02,5.089403383331792270e+02,1.509990521685935683e+01
1.800000000000000000e+02,5.047513346955300335e+02,1.513201004066683453e+01
1.830000000000000000e+02,5.044649448304863881e+02,1.514436183141251213e+01
1.850000000000000000e+02,5.049280009881841806e+02,1.451997685236026747e+01
1.860000000000000000e+02,5.044464752491471131e+02,1.493864553320213773e+01
1.910000000000000000e+02,5.052127975886469358e+02,1.530105916019624246e+01
1.950000000000000000e+02,5.042706347594576641e+02,1.503874025925943059e+01
2.000000000000000000e+02,5.042155747206965657e+02,1.404609622106130473e+01
2.010000000000000000e+02,5.046215690527364472e+02,1.456980749461024871e+01
2.020000000000000000e+02,5.056661024863505531e+02,1.479319723328917746e+01
2.030000000000000000e+02,5.056076041040698215e+02,1.594384382867009542e+01
2.060000000000000000e+02,5.045300705344172911e+02,1.524301814470881844e+01
2.070000000000000000e+02,5.045275719018244445e+02,1.422634800553081647e+01
2.080000000000000000e+02,5.045300953726120952e+02,1.554134552694353744e+01
2.090000000000000000e+02,5.112054629813094380e+02,1.476443767409106123e+01
2.100000000000000000e+02,5.046417810213863504e+02,1.495318190563041405e+01
2.110000000000000000e+02,5.057711312803612032e+02,1.566289832377109548e+01
2.120000000000000000e+02,5.054080035269864197e+02,1.435641821570787435e+01
2.130000000000000000e+02,5.048027825026115920e+02,1.430144090744350471e+01
2.150000000000000000e+02,5.050179384409865406e+02,1.551918942550965852e+01
2.200000000000000000e+02,5.081293171333470013e+02,1.560013087486941430e+01
2.220000000000000000e+02,5.048725203807490516e+02,1.479428669644199879e+01
2.250000000000000000e+02,5.056779011939347583e+02,1.480573961240849457e+01
2.290000000000000000e+02,5.048591954978693366e+02,1.501722050585292045e+01
2.340000000000000000e+02,5.077878881786506327e+02,1.502949211079479852e+01
2.350000000000000000e+02,5.047678380446360507e+02,1.522343625040134896e+01
2.390000000000000000e+02,5.052048666695924339e+02,1.489669436015197590e+01
2.420000000000000000e+02,5.045099745579609021e+02,1.470673436521803268e+01
2.430000000000000000e+02,5.052315103883402685e+02,1.511210820214539652e+01
2.480000000000000000e+02,5.070309084805621751e+02,1.521274496662011444e+01
2.490000000000000000e+02,5.043099634219219070e+02,1.559862346182261383e+01
2.510000000000000000e+02,5.053357238941095488e+02,1.464527949878622692e+01
2.520000000000000000e+02,5.077443123940252576e+02,1.485572565206214790e+01
2.530000000000000000e+02,5.055649305211022693e+02,1.460812323943778601e+01
2.560000000000000000e+02,5.060338222983732521e+02,1.472222661025656620e+01
2.580000000000000000e+02,5.043876388562924831e+02,1.439892523696195603e+01
2.590000000000000000e+02,5.050492681068586762e+02,1.480215964412186835e+01
2.660000000000000000e+02,5.067648226078632661e+02,1.587746653582362022e+01
2.700000000000000000e+02,5.063825465781322350e+02,1.436533475172664964e+01
2.720000000000000000e+02,5.058263275043099156e+02,1.510116439821140055e+01
2.750000000000000000e+02,5.044242069485265461e+02,1.590903096127891203e+01
2.810000000000000000e+02,5.048242613490421036e+02,1.507017993492402397e+01
2.820000000000000000e+02,5.066720336322907201e+02,1.401646514820642331e+01
2.840000000000000000e+02,5.077660667493125288e+02,1.490707712390362616e+01
2.870000000000000000e+02,5.046766344129691788e+02,1.560948539489683107e+01
2.880000000000000000e+02,5.040619837354700508e+02,1.402444906798068835e+01
2.930000000000000000e+02,5.051992041940420677e+02,1.520980498601205966e+01
2.940000000000000000e+02,5.042140309719300717e+02,1.456805851970511689e+01
2.960000000000000000e+02,5.052991997508664781e+02,1.552086233202942545e+01
2.970000000000000000e+02,5.041145990417531948e+02,1.529177215150594371e+01
2.980000000000000000e+02,5.051257242376779004e+02,1.493524137656828010e+01
2.990000000000000000e+02,5.047592576838472382e+02,1.528992864264756690e+01
3.020000000000000000e+02,5.049945872102465501e+02,1.582474044716196104e+01
3.030000000000000000e+02,5.047207405308669195e+02,1.553530527998959343e+01
3.060000000000000000e+02,5.060553297915768667e+02,1.435342922812067634e+01
3.080000000000000000e+02,5.045941947623400665e+02,1.522530170643126901e+01
3.110000000000000000e+02,5.056975537039743926e+02,1.485843055162811588e+01
3.120000000000000000e+02,5.051508326979760568e+02,1.484957012642958674e+01
3.130000000000000000e+02,5.051270192720012915e+02,1.439526153229059702e+01
3.140000000000000000e+02,5.061109576143086315e+02,1.519448936467609101e+01
3.160000000000000000e+02,5.048639059425899518e+02,1.490286543401074049e+01
3.180000000000000000e+02,5.041483327049768945e+02,1.552435356320828141e+01
3.210000000000000000e+02,5.046903140508738375e+02,1.469391654142259007e+01
3.230000000000000000e+02,5.076847745513709356e+02,1.482098531012650611e+01
3.260000000000000000e+02,5.058162217470001565e+02,1.404532195624635449e+01
3.270000000000000000e+02,5.050833253879258677e+02,1.565915116242633509e+01
3.280000000000000000e+02,5.047482396341043227e+02,1.503634026216467134e+01
3.290000000000000000e+02,5.047566910185285565e+02,1.479425342771891039e+01
3.340000000000000000e+02,5.054502394668355123e+02,1.502066281613530840e+01
3.380000000000000000e+02,5.043258629085512439e+02,1.523673594951761423e+01
3.500000000000000000e+02,5.041218151311960014e+02,1.542099184772606435e+01
3.510000000000000000e+02,5.064507124338991275e+02,1.481539639977627765e+01
3.520000000000000000e+02,5.052153192464040217e+02,1.354650589033917996e+01
3.580000000000000000e+02,5.041454371206762062e+02,1.566432041412411635e+01
3.600000000000000000e+02,5.045386930284823279e+02,1.469674830589213066e+01
3.610000000000000000e+02,5.065654778260051785e+02,1.522795209758535151e+01
3.630000000000000000e+02,5.043034234441979038e+02,1.465269981541842803e+01
3.640000000000000000e+02,5.048802879834222495e+02,1.442281866588350780e+01
3.710000000000000000e+02,5.044959965824908750e+02,1.530412309584248476e+01
3.720000000000000000e+02,5.064022872155900927e+02,1.434143404002670685e+01
3.730000000000000000e+02,5.054185416521704042e+02,1.538801395692173735e+01
3.740000000000000000e+02,5.078063649150230958e+02,1.449889149053663751e+01
3.760000000000000000e+02,5.052446412734413457e+02,1.426660740469216115e+01
3.780000000000000000e+02,5.078796058664353268e+02,1.548765622923898988e+01
3.860000000000000000e+02,5.041835119515542942e+02,1.440160567678684345e+01
3.870000000000000000e+02,5.072523416784317760e+02,1.544684884469455532e+01
3.880000000000000000e+02,5.054008476763721092e+02,1.544647693505438468e+01
3.910000000000000000e+02,5.044838383430130193e+02,1.535616107979008049e+01
3.930000000000000000e+02,5.071629175317087288e+02,1.469117916153315129e+01
3.940000000000000000e+02,5.058588802414425913e+02,1.423247987623381938e+01
3.970000000000000000e+02,5.062077447483308106e+02,1.405842489597070788e+01
3.990000000000000000e+02,5.059756326239469217e+02,1.521865659351947997e+01
4.050000000000000000e+02,5.047456998646949842e+02,1.466150243077073512e+01
4.090000000000000000e+02,5.045288776681175023e+02,1.522561265965925337e+01
4.100000000000000000e+02,5.049232297561777614e+02,1.559174683344496337e+01
4.130000000000000000e+02,5.060553536437969910e+02,1.576161931085612977e+01
4.140000000000000000e+02,5.041646280239592102e+02,1.536781099862287370e+01
4.160000000000000000e+02,5.066023039510450303e+02,1.417168839616111242e+01
4.180000000000000000e+02,5.058585943681276262e+02,1.463234826965902435e+01
4.200000000000000000e+02,5.076214958497639600e+02,1.447492963019892720e+01
4.210000000000000000e+02,5.070106816848864355e+02,1.537874757466874343e+01
4.230000000000000000e+02,5.054431419019086889e+02,1.534760145004199927e+01
4.240000000000000000e+02,5.047907518991702887e+02,1.514187551183075087e+01
4.250000000000000000e+02,5.062372631150647067e+02,1.450606332954962596e+01
4.270000000000000000e+02,5.048721029199969053e+02,1.562480945264833387e+01
4.280000000000000000e+02,5.056168489736991773e+02,1.538967450195266551e+01
4.330000000000000000e+02,5.049350845115919242e+02,1.595570954356986171e+01
4.340000000000000000e+02,5.065047141041920327e+02,1.435977221449876673e+01
4.360000000000000000e+02,5.067572310911425575e+02,1.550372198659759881e+01
4.400000000000000000e+02,5.042681308978786205e+02,1.500624966095362467e+01
4.450000000000000000e+02,5.048393450976601002e+02,1.538596007741833738e+01
4.460000000000000000e+02,5.042331964921937129e+02,1.522065357584962264e+01
4.510000000000000000e+02,5.054102846410024767e+02,1.514907923299526260e+01
4.530000000000000000e+02,5.045080930310356848e+02,1.552905916254357521e+01
4.600000000000000000e+02,5.074294502658327701e+02,1.488094478184397218e+01
4.660000000000000000e+02,5.047283334000868535e+02,1.456083846141013005e+01
4.670000000000000000e+02,5.050150154200945849e+02,1.481099605049089085e+01
4.730000000000000000e+02,5.062337485348890596e+02,1.536056768127279071e+01
4.740000000000000000e+02,5.067899354270025469e+02,1.454186294971813709e+01
4.760000000000000000e+02,5.046531139261115300e+02,1.558509935459830231e+01
4.770000000000000000e+02,5.041225003090870587e+02,1.506714824862389612e+01
4.780000000000000000e+02,5.096577616169104772e+02,1.503979893118801847e+01
4.790000000000000000e+02,5.057391498228691376e+02,1.527702888555795369e+01
4.880000000000000000e+02,5.068742832701451562e+02,1.468613304695774779e+01
4.890000000000000000e+02,5.052632795138989081e+02,1.485598056303896186e+01
4.910000000000000000e+02,5.064598882777800668e+02,1.375609567173246006e+01
4.940000000000000000e+02,5.065462481545393416e+02,1.439648917607139289e+01
4.950000000000000000e+02,5.045778200873693322e+02,1.446234380347538107e+01
5.000000000000000000e+02,5.053523550950632739e+02,1.516927643814295656e+01
5.010000000000000000e+02,5.073188332809402823e+02,1.453103721173180141e+01
5.030000000000000000e+02,5.046259384733811544e+02,1.448712365817986125e+01
5.100000000000000000e+02,5.040409136515596629e+02,1.440906293728959930e+01
5.150000000000000000e+02,5.050107824516514938e+02,1.520822301905072571e+01
5.160000000000000000e+02,5.045018343752487340e+02,1.497304757549713017e+01
5.190000000000000000e+02,5.050027742467435701e+02,1.616002036100863037e+01
5.210000000000000000e+02,5.045867203847598716e+02,1.454796585513200036e+01
5.230000000000000000e+02,5.046411973371863269e+02,1.512898799061059130e+01
5.280000000000000000e+02,5.040194450034429678e+02,1.445391818364095471e+01
5.300000000000000000e+02,5.047771849175547345e+02,1.545688581069279266e+01
5.380000000000000000e+02,5.055125856184288864e+02,1.525139221344759655e+01
5.400000000000000000e+02,5.051713842241302928e+02,1.535303945690756500e+01
5.420000000000000000e+02,5.045596083558305622e+02,1.448681539616705471e+01
5.430000000000000000e+02,5.063831372413158078e+02,1.561500028635957449e+01
5.460000000000000000e+02,5.046541442543610856e+02,1.485780767519674583e+01
5.480000000000000000e+02,5.042422917467426373e+02,1.533946564502963916e+01
5.520000000000000000e+02,5.058355641233196138e+02,1.521415834618761842e+01
5.530000000000000000e+02,5.040088416866024090e+02,1.503857824810885901e+01
5.540000000000000000e+02,5.041752053241503972e+02,1.470309429596564677e+01
5.580000000000000000e+02,5.042889042847565975e+02,1.522908405739434912e+01
5.600000000000000000e+02,5.040795497137928010e+02,1.442333379839712748e+01
5.610000000000000000e+02,5.076508015972908652e+02,1.415632782644464527e+01
5.620000000000000000e+02,5.052422494068633796e+02,1.410305375106605474e+01
5.640000000000000000e+02,5.059024278443279172e+02,1.464548952118475533e+01
5.710000000000000000e+02,5.068528746245505658e+02,1.440235311820037722e+01
5.720000000000000000e+02,5.041538547475283281e+02,1.572546377413960528e+01
5.740000000000000000e+02,5.051588111623669874e+02,1.415867065293865679e+01
5.770000000000000000e+02,5.050417303877739528e+02,1.451773110254490362e+01
5.790000000000000000e+02,5.057875080864138795e+02,1.463586389879669269e+01
5.800000000000000000e+02,5.041769928149888074e+02,1.608252803390330143e+01
5.820000000000000000e+02,5.047655637322125699e+02,1.510628701531610751e+01
5.830000000000000000e+02,5.080413857156087829e+02,1.551349313165986565e+01
5.880000000000000000e+02,5.051606716330884979e+02,1.543081806224897257e+01
5.920000000000000000e+02,5.044579596514927857e+02,1.496301356820281114e+01
5.930000000000000000e+02,5.041673242105738950e+02,1.496216719783708449e+01
5.940000000000000000e+02,5.055750798885158019e+02,1.598627108839490418e+01
5.990000000000000000e+02,5.042546009860897129e+02,1.479780128840801900e+01
6.000000000000000000e+02,5.050139772332906887e+02,1.524571472636010050e+01
6.020000000000000000e+02,5.052392118402113397e+02,1.509774086577664498e+01
6.030000000000000000e+02,5.062112757176099080e+02,1.495057739938034658e+01
6.040000000000000000e+02,5.043268698064474052e+02,1.521798769475002366e+01
6.050000000000000000e+02,5.072535916251161439e+02,1.373387695739015690e+01
6.090000000000000000e+02,5.064920886229783719e+02,1.602343109785977759e+01
6.100000000000000000e+02,5.048087313127081188e+02,1.466253299060472415e+01
6.120000000000000000e+02,5.040599372526396564e+02,1.599577665110236779e+01
6.140000000000000000e+02,5.083915039592336598e+02,1.472494235853173095e+01
6.170000000000000000e+02,5.049515332477973857e+02,1.510390125367665703e+01
6.180000000000000000e+02,5.044620184634734414e+02,1.435368732642386824e+01
6.210000000000000000e+02,5.044429367142719798e+02,1.496138947738847769e+01
6.220000000000000000e+02,5.072640489929500518e+02,1.521292182931491510e+01
6.230000000000000000e+02,5.061908400923099407e+02,1.520910287794398563e+01
6.240000000000000000e+02,5.066863732532788163e+02,1.411199412297579947e+01
6.290000000000000000e+02,5.056883830369419002e+02,1.555066147886788031e+01
6.310000000000000000e+02,5.065591006389212225e+02,1.567311287810137443e+01
6.360000000000000000e+02,5.051463411679238220e+02,1.528687221050220657e+01
6.410000000000000000e+02,5.068380430505787899e+02,1.469293871749584213e+01
6.490000000000000000e+02,5.048924127296268125e+02,1.479319216718517893e+01
6.500000000000000000e+02,5.071979121898907010e+02,1.476117720869799754e+01
6.510000000000000000e+02,5.057531300590954970e+02,1.437243231401330235e+01
6.540000000000000000e+02,5.086467196064997438e+02,1.353527565499886620e+01
6.670000000000000000e+02,5.065079859771653901e+02,1.506596398338597886e+01
6.690000000000000000e+02,5.056830137038449493e+02,1.489067336128248265e+01
6.700000000000000000e+02,5.059921703849952337e+02,1.495430022124544323e+01
6.770000000000000000e+02,5.070045408868472236e+02,1.394717652907983840e+01
6.780000000000000000e+02,5.053713567862949390e+02,1.557679517165846228e+01
6.790000000000000000e+02,5.060431101899883402e+02,1.569317469863142200e+01
6.800000000000000000e+02,5.049433441280864940e+02,1.484890970650868880e+01
6.830000000000000000e+02,5.044787491224558380e+02,1.496790791935559106e+01
6.850000000000000000e+02,5.049259968603447533e+02,1.474239080309587813e+01
6.880000000000000000e+02,5.049219199364069937e+02,1.453771794281094998e+01
6.890000000000000000e+02,5.043885266229720514e+02,1.420120041520228327e+01
6.910000000000000000e+02,5.058186596067284881e+02,1.489327161032478131e+01
6.930000000000000000e+02,5.047318712138885530e+02,1.473234164371617005e+01
6.940000000000000000e+02,5.046862025159367704e+02,1.525574978768093004e+01
6.960000000000000000e+02,5.041522660444842359e+02,1.540775051122213135e+01
6.980000000000000000e+02,5.053480540384138067e+02,1.490842476447335230e+01
7.010000000000000000e+02,5.055980184516737950e+02,1.468634327702434916e+01
7.050000000000000000e+02,5.047120199026912815e+02,1.431376722605794960e+01
7.070000000000000000e+02,5.070095883639687031e+02,1.496949801407230751e+01
7.090000000000000000e+02,5.068929127365800582e+02,1.473319984678041727e+01
7.130000000000000000e+02,5.042982722287041497e+02,1.412618174508586932e+01
7.150000000000000000e+02,5.057066037640330478e+02,1.523771534126331240e+01
7.200000000000000000e+02,5.041156035377841249e+02,1.525137240374540681e+01
7.230000000000000000e+02,5.049865281880454404e+02,1.581458318245047323e+01
7.270000000000000000e+02,5.041951634107233531e+02,1.603395316908177648e+01
7.320000000000000000e+02,5.043165055114289430e+02,1.494828438785485858e+01
7.340000000000000000e+02,5.055583112746512597e+02,1.604792175090457818e+01
7.350000000000000000e+02,5.044451949648261007e+02,1.579722119587459872e+01
7.360000000000000000e+02,5.040120594686277400e+02,1.533947349388111725e+01
7.370000000000000000e+02,5.054653819678910054e+02,1.459379882553128915e+01
7.380000000000000000e+02,5.068309488889251497e+02,1.497548532958098200e+01
7.390000000000000000e+02,5.055287401300362831e+02,1.491981995947758399e+01
7.440000000000000000e+02,5.045353180409382503e+02,1.568824822500976879e+01
7.530000000000000000e+02,5.056072835932156977e+02,1.625577827579221335e+01
7.550000000000000000e+02,5.087647641296748020e+02,1.498385969447526556e+01
7.560000000000000000e+02,5.044866358017617927e+02,1.532027146753738656e+01
7.590000000000000000e+02,5.049006197588179816e+02,1.435039181827708710e+01
7.620000000000000000e+02,5.086201690765375929e+02,1.390503914751072401e+01
7.640000000000000000e+02,5.057985466525713605e+02,1.547919290992102148e+01
7.670000000000000000e+02,5.070416012712710199e+02,1.553715900635778091e+01
7.690000000000000000e+02,5.071248971159938606e+02,1.545200877738065692e+01
7.700000000000000000e+02,5.049155038709109249e+02,1.485125889956307432e+01
7.720000000000000000e+02,5.047648154781110179e+02,1.516039286296634181e+01
7.730000000000000000e+02,5.054451088992534551e+02,1.509702597180293715e+01
7.740000000000000000e+02,5.047436199244343698e+02,1.436496945564398331e+01
7.790000000000000000e+02,5.047413441951013624e+02,1.446688253405038793e+01
7.820000000000000000e+02,5.042603957020119196e+02,1.596018375107213139e+01
7.830000000000000000e+02,5.047211714905676558e+02,1.438855249022221727e+01
7.840000000000000000e+02,5.046195808958621001e+02,1.503562687495544559e+01
7.850000000000000000e+02,5.056615614511092645e+02,1.435324618739795177e+01
7.860000000000000000e+02,5.051678443090978021e+02,1.465215256140146849e+01
7.870000000000000000e+02,5.044183601584568919e+02,1.454093650829171303e+01
7.900000000000000000e+02,5.043592364382651567e+02,1.553418966684700742e+01
7.920000000000000000e+02,5.040431576743907272e+02,1.615181937605239426e+01
7.950000000000000000e+02,5.056063057066658075e+02,1.557322043520036381e+01
7.970000000000000000e+02,5.048630013947452539e+02,1.550356666823658003e+01
8.000000000000000000e+02,5.053765676119519981e+02,1.458803225651399949e+01
8.080000000000000000e+02,5.060115122511470531e+02,1.432521189422423369e+01
8.120000000000000000e+02,5.063939557687074853e+02,1.491045335749192269e+01
8.140000000000000000e+02,5.055636890789372728e+02,1.534642787790890495e+01
8.160000000000000000e+02,5.040341005317385452e+02,1.450709809566608754e+01
8.170000000000000000e+02,5.052792615912468932e+02,1.485792245103560205e+01
8.190000000000000000e+02,5.056309607501307255e+02,1.544732359378693687e+01
8.210000000000000000e+02,5.063186948803711402e+02,1.517573995017610144e+01
8.220000000000000000e+02,5.080977962472384775e+02,1.401088737531259554e+01
8.250000000000000000e+02,5.064067689542354174e+02,1.452605364136550747e+01
8.260000000000000000e+02,5.066591442914614163e+02,1.458283847725420834e+01
8.360000000000000000e+02,5.066010009856281613e+02,1.483043886036498016e+01
8.380000000000000000e+02,5.054686447969531855e+02,1.493813365995012177e+01
8.410000000000000000e+02,5.048496389843331826e+02,1.490871551281022889e+01
8.430000000000000000e+02,5.042648194923680762e+02,1.498249619499688201e+01
8.450000000000000000e+02,5.044849025280162778e+02,1.444297677491900345e+01
8.460000000000000000e+02,5.040783372878156570e+02,1.512933057392769420e+01
8.470000000000000000e+02,5.084106002798217787e+02,1.510636988792882995e+01
8.530000000000000000e+02,5.058780330622150814e+02,1.458717315859892949e+01
8.540000000000000000e+02,5.063410084959797359e+02,1.507468174113559378e+01
8.570000000000000000e+02,5.044428311127728080e+02,1.395676117081445788e+01
8.590000000000000000e+02,5.047658636355110389e+02,1.610626551969862064e+01
8.620000000000000000e+02,5.065950104026601366e+02,1.518667427985569951e+01
8.630000000000000000e+02,5.070917553461910643e+02,1.515618910523328644e+01
8.660000000000000000e+02,5.040717307814497872e+02,1.536569012628749675e+01
8.670000000000000000e+02,5.041689135799740598e+02,1.529521103062573140e+01
8.680000000000000000e+02,5.048170885453456549e+02,1.492892673152972627e+01
8.690000000000000000e+02,5.075204090775326904e+02,1.516934365896084458e+01
8.750000000000000000e+02,5.070891157270355620e+02,1.503643704900775724e+01
8.790000000000000000e+02,5.058767865468961418e+02,1.495814102007539326e+01
8.800000000000000000e+02,5.085538648517472211e+02,1.444022693580841477e+01
8.830000000000000000e+02,5.055883217541381214e+02,1.561460739214852467e+01
8.840000000000000000e+02,5.048637829792526190e+02,1.530154734247441617e+01
8.850000000000000000e+02,5.071934146514720396e+02,1.457473236062647715e+01
8.860000000000000000e+02,5.046678563706519185e+02,1.624259495833944555e+01
8.880000000000000000e+02,5.046813096613846028e+02,1.563769536899950729e+01
8.890000000000000000e+02,5.057174071611657951e+02,1.492414278321138532e+01
8.900000000000000000e+02,5.051409643623947545e+02,1.526667962235272391e+01
8.910000000000000000e+02,5.045145480622146010e+02,1.541973425225920202e+01
8.920000000000000000e+02,5.056333493791782985e+02,1.560909735587712888e+01
8.930000000000000000e+02,5.058385911808913420e+02,1.552868415268911306e+01
8.940000000000000000e+02,5.062643179820750561e+02,1.543609850003648809e+01
8.950000000000000000e+02,5.047974197751792644e+02,1.484245663440294649e+01
8.980000000000000000e+02,5.059130179330167039e+02,1.546656403617053499e+01
9.000000000000000000e+02,5.042373466177457999e+02,1.553258598285719394e+01
9.030000000000000000e+02,5.060569037252146245e+02,1.458153964810185954e+01
9.070000000000000000e+02,5.049925071320544134e+02,1.567610133943357198e+01
9.080000000000000000e+02,5.047909683622821717e+02,1.521203343075922554e+01
9.090000000000000000e+02,5.078265094466109417e+02,1.501972352412036926e+01
9.130000000000000000e+02,5.066549065595269212e+02,1.393370218692258256e+01
9.150000000000000000e+02,5.040580430515406647e+02,1.492092307781383909e+01
9.160000000000000000e+02,5.047157930194330788e+02,1.662154648479736707e+01
9.200000000000000000e+02,5.056472634997195428e+02,1.549779075700101494e+01
9.240000000000000000e+02,5.058900932578496850e+02,1.468898259722280919e+01
9.270000000000000000e+02,5.042544237501290354e+02,1.553488572749192542e+01
9.280000000000000000e+02,5.066310480584687070e+02,1.440015123581734535e+01
9.310000000000000000e+02,5.072623141388811518e+02,1.458590186351738183e+01
9.340000000000000000e+02,5.043800289001066517e+02,1.539658784410933912e+01
9.370000000000000000e+02,5.049167128945987315e+02,1.492031888392704708e+01
9.410000000000000000e+02,5.052449146565602973e+02,1.526063995250690652e+01
9.420000000000000000e+02,5.048004023559172992e+02,1.516083927068824977e+01
9.440000000000000000e+02,5.071932739920953281e+02,1.450242575907330966e+01
9.510000000000000000e+02,5.042041107930285762e+02,1.516455338935506525e+01
9.530000000000000000e+02,5.063875292081465318e+02,1.477588769184992579e+01
9.550000000000000000e+02,5.057345916631762748e+02,1.401553842879195777e+01
9.560000000000000000e+02,5.041854506927554098e+02,1.505171906465405307e+01
9.570000000000000000e+02,5.044135064383075928e+02,1.602103802007187028e+01
9.580000000000000000e+02,5.046395345604644262e+02,1.513867923098233881e+01
9.590000000000000000e+02,5.043954171200346082e+02,1.498886051040814316e+01
9.600000000000000000e+02,5.047854455197351058e+02,1.516104115538349362e+01
9.610000000000000000e+02,5.061583050602648655e+02,1.499445399802569945e+01
9.630000000000000000e+02,5.049180075151770097e+02,1.541163995783885277e+01
9.650000000000000000e+02,5.063802344308989518e+02,1.500880662596682846e+01
9.670000000000000000e+02,5.071018808658216130e+02,1.565175396596738011e+01
9.720000000000000000e+02,5.051812870979774743e+02,1.460899825374448113e+01
9.790000000000000000e+02,5.050208293122885834e+02,1.495696515360455336e+01
9.800000000000000000e+02,5.050716003173016588e+02,1.492483976986406446e+01
9.810000000000000000e+02,5.043509151235699051e+02,1.483665189340681856e+01
9.860000000000000000e+02,5.065067966035343261e+02,1.515817916076807315e+01
9.870000000000000000e+02,5.052547245811513221e+02,1.455737565693788937e+01
9.960000000000000000e+02,5.070953730536990633e+02,1.491783239705730502e+01
9.970000000000000000e+02,5.047816857225340073e+02,1.510604667653708688e+01
9.990000000000000000e+02,5.046451655627122932e+02,1.449206058650501028e+01
1.000000000000000000e+03,5.062987108731720127e+02,1.430572872308439436e+01
1.001000000000000000e+03,5.053492673658255399e+02,1.419986444774814416e+01
1.004000000000000000e+03,5.048964466272271920e+02,1.455360624225405886e+01
1.005000000000000000e+03,5.042869707708434817e+02,1.525680723211554835e+01
1.006000000000000000e+03,5.052903864400554426e+02,1.501735687437628108e+01
1.007000000000000000e+03,5.047703436033639264e+02,1.401574789328097381e+01
1.008000000000000000e+03,5.055991054306386445e+02,1.532748779211084411e+01
1.010000000000000000e+03,5.061347881312686354e+02,1.450306866258257266e+01
1.012000000000000000e+03,5.076505217452505576e+02,1.457175088129540086e+01
1.014000000000000000e+03,5.069719276063304960e+02,1.436775079652251641e+01
1.019000000000000000e+03,5.043483318928038557e+02,1.440798472088872018e+01
1.020000000000000000e+03,5.045456709760709941e+02,1.480005046893443144e+01
1.023000000000000000e+03,5.077845407172237060e+02,1.509125051529960615e+01
1.024000000000000000e+03,5.069550863402014329e+02,1.466494239977288316e+01
1.025000000000000000e+03,5.043726473393480774e+02,1.558585895735807902e+01
1.028000000000000000e+03,5.047270359454608410e+02,1.559094554647998088e+01
1.032000000000000000e+03,5.042984462452105845e+02,1.551804382552312767e+01
1.033000000000000000e+03,5.047943918794055094e+02,1.428851253736916327e+01
1.035000000000000000e+03,5.066479735265800741e+02,1.480122111725413880e+01
1.039000000000000000e+03,5.055941966052242833e+02,1.484484614730754792e+01
1.040000000000000000e+03,5.068678553829157636e+02,1.469283842795185357e+01
1.042000000000000000e+03,5.056573616668625846e+02,1.548944477927839003e+01
1.045000000000000000e+03,5.052673198749733388e+02,1.541411484509231222e+01
1.046000000000000000e+03,5.048046457568268579e+02,1.554543083530184866e+01
1.048000000000000000e+03,5.064530806994517889e+02,1.492502964046044589e+01
1.049000000000000000e+03,5.062601827082949058e+02,1.428342409273764346e+01
1.051000000000000000e+03,5.042916070668748034e+02,1.524682742382157485e+01
1.052000000000000000e+03,5.044880603725654851e+02,1.564803153089069809e+01
1.053000000000000000e+03,5.040213475316477911e+02,1.444642159159877437e+01
1.057000000000000000e+03,5.058454580385187569e+02,1.529567462087920049e+01
1.058000000000000000e+03,5.045872003091888587e+02,1.463800483412869546e+01
1.060000000000000000e+03,5.050433974212966746e+02,1.477402531404406183e+01
1.062000000000000000e+03,5.057975314007442194e+02,1.499647750725972273e+01
1.067000000000000000e+03,5.058216535747570219e+02,1.582680863424614159e+01
1.069000000000000000e+03,5.041930077634614236e+02,1.549805910745556403e+01
1.071000000000000000e+03,5.044540816544462700e+02,1.507888071964688415e+01
1.074000000000000000e+03,5.054925336388942583e+02,1.463031429627048219e+01
1.078000000000000000e+03,5.065015195812686102e+02,1.423364972005503404e+01
1.079000000000000000e+03,5.052004434842269802e+02,1.490185967430603142e+01
1.083000000000000000e+03,5.076534959671216711e+02,1.455484107599006371e+01
1.084000000000000000e+03,5.042638709044630900e+02,1.496796111792564155e+01
1.085000000000000000e+03,5.043600832943821501e+02,1.526814545475859575e+01
1.086000000000000000e+03,5.055605669080636630e+02,1.390193608945002701e+01
1.092000000000000000e+03,5.049552590872739870e+02,1.460002974664903341e+01
1.094000000000000000e+03,5.049652801544311842e+02,1.480347362146929946e+01
1.098000000000000000e+03,5.053326553494049449e+02,1.521467041140086707e+01
1.099000000000000000e+03,5.041929769517959699e+02,1.518981982419298227e+01
1.100000000000000000e+03,5.054960202197192984e+02,1.472194062661960956e+01
1.102000000000000000e+03,5.076767494095614666e+02,1.583453476291316520e+01
1.104000000000000000e+03,5.057163656334750499e+02,1.580738939535492626e+01
1.106000000000000000e+03,5.047255478101251356e+02,1.566271605454753946e+01
1.109000000000000000e+03,5.073280627077335794e+02,1.463161493202618857e+01
1.112000000000000000e+03,5.052401354613775197e+02,1.550473589429798515e+01
1.113000000000000000e+03,5.044913637759452172e+02,1.457752928070325105e+01
1.115000000000000000e+03,5.042299220049324617e+02,1.495407761783252276e+01
1.116000000000000000e+03,5.083068311704765279e+02,1.495628233561140874e+01
1.119000000000000000e+03,5.056013087920152316e+02,1.497029240936375238e+01
1.120000000000000000e+03,5.057110518659159766e+02,1.592775165739713117e+01
1.121000000000000000e+03,5.058740606111207398e+02,1.511211737226764562e+01
1.122000000000000000e+03,5.047774604440583630e+02,1.482678674699655019e+01
1.124000000000000000e+03,5.067668630646022052e+02,1.486867023984191682e+01
1.126000000000000000e+03,5.041052709304780706e+02,1.548015239814073496e+01
1.129000000000000000e+03,5.041575248206069659e+02,1.508612719320551854e+01
1.130000000000000000e+03,5.041427144309005257e+02,1.533576558586452698e+01
1.131000000000000000e+03,5.043438415084705753e+02,1.576401567969391593e+01
1.132000000000000000e+03,5.067274225381173096e+02,1.544375198370702940e+01
1.133000000000000000e+03,5.044070686030279376e+02,1.538042332715573934e+01
1.135000000000000000e+03,5.054281743365767170e+02,1.519415600271172551e+01
1.136000000000000000e+03,5.058789409778492541e+02,1.562475245035308014e+01
1.138000000000000000e+03,5.046948001396997370e+02,1.482528033639152198e+01
1.139000000000000000e+03,5.049023454846217760e+02,1.461371562562187876e+01
1.141000000000000000e+03,5.062514136266232185e+02,1.561511108782539381e+01
1.148000000000000000e+03,5.066890101264499435e+02,1.486000334906275988e+01
1.154000000000000000e+03,5.067840303202727341e+02,1.470967584872302503e+01
1.155000000000000000e+03,5.055196341786852940e+02,1.469430737630568551e+01
1.157000000000000000e+03,5.080048716106886104e+02,1.488024903898912576e+01
1.158000000000000000e+03,5.054635309739832110e+02,1.555841688776497733e+01
1.161000000000000000e+03,5.080818851451815021e+02,1.594522034257789045e+01
1.164000000000000000e+03,5.055451408640192881e+02,1.469588674627762082e+01
1.165000000000000000e+03,5.083795048126785332e+02,1.518155781387226178e+01
1.166000000000000000e+03,5.062685456370210204e+02,1.515555499557159713e+01
1.167000000000000000e+03,5.046278182401047161e+02,1.405517535395192397e+01
1.168000000000000000e+03,5.046895086833305868e+02,1.600763755523032117e+01
1.169000000000000000e+03,5.052068311175606254e+02,1.564532223046127335e+01
1.170000000000000000e+03,5.050178571795735252e+02,1.480140234192700532e+01
1.171000000000000000e+03,5.040623828479387498e+02,1.444886512977207182e+01
1.181000000000000000e+03,5.062840045726891844e+02,1.582030728174414413e+01
1.182000000000000000e+03,5.053366332120046422e+02,1.657602836725604334e+01
1.185000000000000000e+03,5.053815423759764371e+02,1.395895064840550681e+01
1.188000000000000000e+03,5.046001041980491095e+02,1.596172289741247674e+01
1.193000000000000000e+03,5.041395638682850517e+02,1.537554972725365587e+01
1.195000000000000000e+03,5.043809494759207723e+02,1.501422879059157900e+01
1.197000000000000000e+03,5.046049799088343093e+02,1.483985109773167821e+01
1.199000000000000000e+03,5.062282808599476880e+02,1.518032394571789823e+01
1.203000000000000000e+03,5.045865960580727574e+02,1.523631517292170301e+01
1.209000000000000000e+03,5.069991534863738707e+02,1.531666341303562007e+01
1.213000000000000000e+03,5.052898487538888617e+02,1.509934000477370297e+01
1.215000000000000000e+03,5.059954841453474614e+02,1.471043794518212700e+01
1.217000000000000000e+03,5.040579883244475923e+02,1.534808399857964467e+01
1.219000000000000000e+03,5.077902982555467588e+02,1.495595437798546357e+01
1.221000000000000000e+03,5.041196414204540588e+02,1.428815868155803770e+01
1.222000000000000000e+03,5.047675537618641783e+02,1.407407863421267002e+01
1.223000000000000000e+03,5.043275981949029756e+02,1.539179483239930413e+01
1.228000000000000000e+03,5.054277582335898273e+02,1.579926905604817122e+01
1.229000000000000000e+03,5.079210460031827097e+02,1.540106422930906049e+01
1.233000000000000000e+03,5.086594186753086433e+02,1.358046067025728654e+01
1.235000000000000000e+03,5.067782336108881509e+02,1.547835159319282994e+01
1.236000000000000000e+03,5.068554016281528902e+02,1.525847325787418463e+01
1.238000000000000000e+03,5.046379661583705456e+02,1.498884985814097348e+01
1.239000000000000000e+03,5.067567932462570752e+02,1.465555722871229705e+01
1.250000000000000000e+03,5.041617604644289372e+02,1.463097145816930400e+01
1.251000000000000000e+03,5.051670579232178397e+02,1.509062558130102438e+01
1.253000000000000000e+03,5.042481131396951355e+02,1.509742117013506935e+01
1.254000000000000000e+03,5.059553379849465955e+02,1.449015234014557230e+01
1.256000000000000000e+03,5.068451447736754290e+02,1.573109796935881910e+01
1.257000000000000000e+03,5.043380380187321066e+02,1.522431788225726379e+01
1.260000000000000000e+03,5.046166538250434428e+02,1.537495011971185477e+01
1.262000000000000000e+03,5.045775119848927375e+02,1.452454463515638317e+01
1.269000000000000000e+03,5.059721863504208841e+02,1.552699288559143831e+01
1.270000000000000000e+03,5.056826202411885447e+02,1.528600313915023712e+01
1.271000000000000000e+03,5.047182762418143511e+02,1.464763578219455731e+01
1.274000000000000000e+03,5.059261953999583739e+02,1.477702814306941903e+01
1.276000000000000000e+03,5.081386590799633609e+02,1.481844166942221719e+01
1.277000000000000000e+03,5.042866356787887412e+02,1.399627156962749552e+01
1.282000000000000000e+03,5.049162173533771920e+02,1.583933733668628285e+01
1.283000000000000000e+03,5.054134046335891526e+02,1.404417972467412135e+01
1.287000000000000000e+03,5.045159826538250627e+02,1.503990074202936711e+01
1.290000000000000000e+03,5.042771572090619543e+02,1.445068978741109333e+01
1.291000000000000000e+03,5.084859990348655856e+02,1.571025214363553246e+01
1.293000000000000000e+03,5.051769815489032567e+02,1.511077923681210500e+01
1.296000000000000000e+03,5.053381529659755529e+02,1.529774544881962939e+01
1.298000000000000000e+03,5.040347846281438251e+02,1.493391532217781403e+01
1.299000000000000000e+03,5.041433956123920552e+02,1.503613948269214440e+01
1.301000000000000000e+03,5.054840846990730370e+02,1.461058147858978273e+01
1.304000000000000000e+03,5.045730196871407998e+02,1.496868021133638216e+01
1.308000000000000000e+03,5.056717911316631557e+02,1.489982371110291837e+01
1.309000000000000000e+03,5.044493964657598895e+02,1.511592104606742382e+01
1.311000000000000000e+03,5.051355325984005731e+02,1.461131425757704605e+01
1.312000000000000000e+03,5.062804150980346094e+02,1.577939459224844754e+01
1.313000000000000000e+03,5.046156206127037080e+02,1.423476929512831113e+01
1.321000000000000000e+03,5.045593855087134898e+02,1.493134451710555943e+01
1.323000000000000000e+03,5.044730032876524319e+02,1.510380167570031240e+01
1.329000000000000000e+03,5.046998574599924154e+02,1.582810412602864858e+01
1.330000000000000000e+03,5.065615016646873983e+02,1.487846940055956679e+01
1.331000000000000000e+03,5.059375237033946178e+02,1.500114396807175154e+01
1.333000000000000000e+03,5.064814522736999152e+02,1.563594621096932791e+01
1.342000000000000000e+03,5.043738763394927105e+02,1.519065480613239316e+01
1.343000000000000000e+03,5.058812925495726631e+02,1.515582642800238844e+01
1.344000000000000000e+03,5.053991082708826639e+02,1.424054458745496632e+01
1.347000000000000000e+03,5.053686398224785421e+02,1.495258788435956454e+01
1.352000000000000000e+03,5.045829254564095550e+02,1.504305543412948865e+01
1.353000000000000000e+03,5.050183103206052806e+02,1.462653835746491637e+01
1.357000000000000000e+03,5.042836080108050965e+02,1.476129464690360038e+01
1.361000000000000000e+03,5.046585829992021672e+02,1.523991351768341573e+01
1.364000000000000000e+03,5.058931430033289871e+02,1.478361305820580540e+01
1.371000000000000000e+03,5.069234169602846691e+02,1.491968444023725304e+01
1.374000000000000000e+03,5.064423406549872198e+02,1.491231077205065425e+01
1.377000000000000000e+03,5.055798093747921484e+02,1.515349053634311893e+01
1.379000000000000000e+03,5.071520194270938759e+02,1.482856056922121724e+01
1.380000000000000000e+03,5.048558517426785102e+02,1.513917431732233432e+01
1.382000000000000000e+03,5.078146164265310176e+02,1.457682014005651361e+01
1.384000000000000000e+03,5.049841907440186333e+02,1.476062071423915611e+01
1.385000000000000000e+03,5.040985851608130019e+02,1.517973789877356339e+01
1.386000000000000000e+03,5.061034825787975819e+02,1.617453789335037939e+01
1.387000000000000000e+03,5.066230223934537094e+02,1.464197828186208028e+01
1.390000000000000000e+03,5.044199442858782163e+02,1.519789942435487440e+01
1.392000000000000000e+03,5.075267744950532460e+02,1.564204789697405928e+01
1.398000000000000000e+03,5.059008278158888743e+02,1.349618383015312162e+01
1.401000000000000000e+03,5.045733055050545772e+02,1.445489579660028490e+01
1.402000000000000000e+03,5.058714083093260001e+02,1.450723019963953497e+01
1.403000000000000000e+03,5.049379066213301144e+02,1.451512814018266262e+01
1.404000000000000000e+03,5.054920953716116401e+02,1.505526765873696959e+01
1.407000000000000000e+03,5.065026673039109824e+02,1.357268666854780470e+01
1.410000000000000000e+03,5.061563882836981065e+02,1.487182966081375390e+01
1.411000000000000000e+03,5.046124600188013005e+02,1.473097612075493146e+01
1.412000000000000000e+03,5.044117755441632198e+02,1.539892188994788391e+01
1.413000000000000000e+03,5.078300046898021947e+02,1.407033161416997125e+01
1.415000000000000000e+03,5.053556802561624863e+02,1.527916821160585314e+01
1.417000000000000000e+03,5.040371845577265049e+02,1.475911701445326329e+01
1.418000000000000000e+03,5.065569368528250607e+02,1.516222930217625908e+01
1.419000000000000000e+03,5.045156715125792743e+02,1.409806860371881676e+01
1.420000000000000000e+03,5.045765921580992881e+02,1.380402189784348721e+01
1.421000000000000000e+03,5.056450146746196310e+02,1.542238718789085006e+01
1.426000000000000000e+03,5.076124142598806657e+02,1.593440892027192746e+01
1.430000000000000000e+03,5.041148133956182278e+02,1.421455927143704301e+01
1.431000000000000000e+03,5.051314744250785793e+02,1.567778646785517438e+01
1.432000000000000000e+03,5.052209469767195174e+02,1.469457118009746743e+01
1.435000000000000000e+03,5.040651599009765960e+02,1.441027016774610914e+01
1.437000000000000000e+03,5.067146911520399613e+02,1.482634885552107917e+01
1.438000000000000000e+03,5.044819499032765293e+02,1.572663773802127274e+01
1.439000000000000000e+03,5.049697555720996434e+02,1.496088467047074033e+01
1.440000000000000000e+03,5.048257625373348105e+02,1.407905111352107141e+01
1.441000000000000000e+03,5.058469477149706677e+02,1.544603379986586056e+01
1.444000000000000000e+03,5.042993759035052790e+02,1.501260543377004097e+01
1.447000000000000000e+03,5.046727280375101827e+02,1.609811157107639801e+01
1.448000000000000000e+03,5.059765661428672843e+02,1.524649322925722927e+01
1.450000000000000000e+03,5.041176660251979342e+02,1.553767170097844819e+01
1.451000000000000000e+03,5.069044298892704887e+02,1.510533423260155494e+01
1.453000000000000000e+03,5.087033662283607782e+02,1.445418741392044915e+01
1.454000000000000000e+03,5.046310192912631010e+02,1.511692401289479903e+01
1.456000000000000000e+03,5.050066832422090783e+02,1.458196892394998834e+01
1.457000000000000000e+03,5.042623167697655617e+02,1.571224791062347315e+01
1.458000000000000000e+03,5.060795055081654823e+02,1.495414698792743735e+01
1.459000000000000000e+03,5.048463627025399205e+02,1.455611524423073000e+01
1.465000000000000000e+03,5.046771568088412323e+02,1.524678010216714519e+01
1.466000000000000000e+03,5.068398090087027867e+02,1.514544852879500247e+01
1.467000000000000000e+03,5.042893430596459439e+02,1.400223410977413074e+01
1.469000000000000000e+03,5.043892053364402841e+02,1.546470499239540786e+01
1.470000000000000000e+03,5.058932629732913142e+02,1.493393170554922555e+01
1.475000000000000000e+03,5.047965608676877309e+02,1.494935964064923439e+01
1.477000000000000000e+03,5.043390648878140610e+02,1.451670605450734186e+01
1.480000000000000000e+03,5.049447627156555427e+02,1.604659896610497327e+01
1.482000000000000000e+03,5.069539277024667854e+02,1.557969052165026014e+01
1.485000000000000000e+03,5.053651816637461707e+02,1.510161797729301547e+01
1.489000000000000000e+03,5.060251682068543460e+02,1.530280311631565660e+01
1.491000000000000000e+03,5.086163985713365037e+02,1.478484534002267914e+01
1.494000000000000000e+03,5.065842199051357397e+02,1.560330407743195735e+01
1.495000000000000000e+03,5.075121857763182334e+02,1.423641607170517531e+01
1.496000000000000000e+03,5.076230071532727948e+02,1.447245531591165246e+01
1.497000000000000000e+03,5.059167324611862568e+02,1.506313386811703481e+01
1.498000000000000000e+03,5.055481250516229466e+02,1.450767260757636912e+01
1.499000000000000000e+03,5.046850538984023729e+02,1.460373827644239419e+01
1.500000000000000000e+03,5.050567221523332933e+02,1.478820070913591067e+01
1.506000000000000000e+03,5.048927748949134298e+02,1.468498751023305360e+01
1.507000000000000000e+03,5.054106104171410152e+02,1.536597775125492227e+01
1.509000000000000000e+03,5.064550601621104988e+02,1.476770946094219106e+01
1.516000000000000000e+03,5.065268994864842398e+02,1.443625195052348076e+01
1.517000000000000000e+03,5.047616233691095431e+02,1.556395449662678487e+01
1.519000000000000000e+03,5.072081851326684045e+02,1.483172370506091298e+01
1.520000000000000000e+03,5.059420673910507276e+02,1.499006318231584345e+01
1.521000000000000000e+03,5.046641954069372105e+02,1.494636761709452877e+01
1.525000000000000000e+03,5.056774972394083534e+02,1.551815144603624042e+01
1.526000000000000000e+03,5.072691726118692372e+02,1.470223253240807004e+01
1.527000000000000000e+03,5.065864870565443994e+02,1.545026653866579558e+01
1.532000000000000000e+03,5.041463354283695821e+02,1.537736664903390427e+01
1.536000000000000000e+03,5.045272002131394515e+02,1.416945829221641340e+01
1.541000000000000000e+03,5.070445031933394944e+02,1.509594886793651725e+01
1.542000000000000000e+03,5.068225184290957372e+02,1.597417132239490734e+01
1.545000000000000000e+03,5.044375485121500446e+02,1.501365668992571933e+01
1.547000000000000000e+03,5.041035837996389546e+02,1.420891161832693683e+01
1.548000000000000000e+03,5.050321605567693837e+02,1.452980054175782421e+01
1.549000000000000000e+03,5.059538664477686325e+02,1.471961954651007076e+01
1.555000000000000000e+03,5.042347310136323699e+02,1.535793637234547937e+01
1.556000000000000000e+03,5.053271692524664900e+02,1.511351723943244529e+01
1.558000000000000000e+03,5.064853771379190448e+02,1.529572107587592811e+01
1.563000000000000000e+03,5.052680907927220915e+02,1.559774032541274025e+01
1.564000000000000000e+03,5.049736877941848547e+02,1.470168547069413556e+01
1.567000000000000000e+03,5.045318784354082027e+02,1.501620350667006853e+01
1.570000000000000000e+03,5.050885293592436369e+02,1.412888915368236198e+01
1.572000000000000000e+03,5.040871158643332706e+02,1.445393939982571574e+01
1.574000000000000000e+03,5.044328599648670775e+02,1.549722368775445425e+01
1.577000000000000000e+03,5.058294787089143369e+02,1.602103482646393928e+01
1.581000000000000000e+03,5.057972746988574499e+02,1.508809491125134628e+01
1.584000000000000000e+03,5.043576330006611670e+02,1.469626385618984621e+01
1.585000000000000000e+03,5.048862112145262699e+02,1.479781900365498792e+01
1.592000000000000000e+03,5.043731196083153350e+02,1.516217010500743356e+01
1.593000000000000000e+03,5.053078696821723952e+02,1.473363725089154741e+01
1.596000000000000000e+03,5.047383085220104135e+02,1.454966430874375938e+01
1.597000000000000000e+03,5.076149909394234214e+02,1.451789996428837703e+01
1.601000000000000000e+03,5.062497528382963878e+02,1.553596493260589817e+01
1.607000000000000000e+03,5.067493569169391208e+02,1.480752855579495986e+01
1.608000000000000000e+03,5.041461585462320727e+02,1.527045425928049482e+01
1.612000000000000000e+03,5.052662195542943095e+02,1.447077968317917396e+01
1.615000000000000000e+03,5.098862151356897243e+02,1.530445267812731558e+01
1.616000000000000000e+03,5.040975058167313705e+02,1.513103340454336276e+01
1.619000000000000000e+03,5.057968914183934999e+02,1.389082611997445937e+01
1.622000000000000000e+03,5.053384578691504316e+02,1.562770180472994852e+01
1.624000000000000000e+03,5.072465955524351102e+02,1.454970482373196994e+01
1.625000000000000000e+03,5.056600961314292704e+02,1.443360752436612771e+01
1.627000000000000000e+03,5.060620327234702245e+02,1.457783798140846443e+01
1.629000000000000000e+03,5.052055473502444443e+02,1.475858620459654169e+01
1.630000000000000000e+03,5.044694656345889712e+02,1.410942079276718353e+01
1.633000000000000000e+03,5.055599216351623113e+02,1.471922112683468775e+01
1.637000000000000000e+03,5.043471981311869285e+02,1.486372763931909624e+01
1.638000000000000000e+03,5.076250498384862908e+02,1.482970064654506892e+01
1.641000000000000000e+03,5.063244411108308327e+02,1.511157652737384893e+01
1.643000000000000000e+03,5.044047435924994716e+02,1.534011510420881486e+01
1.645000000000000000e+03,5.043566141944152719e+02,1.461932236509552929e+01
1.647000000000000000e+03,5.054714599913597226e+02,1.504994347720460723e+01
1.648000000000000000e+03,5.058747721031294873e+02,1.524037228988399129e+01
1.649000000000000000e+03,5.086791272840372358e+02,1.574835520372299058e+01
1.650000000000000000e+03,5.046592663464271595e+02,1.475251725981596351e+01
1.651000000000000000e+03,5.041515926331643414e+02,1.475121375084539288e+01
1.654000000000000000e+03,5.041769676869233763e+02,1.563382575559398724e+01
1.657000000000000000e+03,5.061351950712159464e+02,1.433343582261109717e+01
1.659000000000000000e+03,5.057797571222581041e+02,1.533102591737923603e+01
1.660000000000000000e+03,5.061342301346797399e+02,1.559429841154350349e+01
1.664000000000000000e+03,5.060939890931222180e+02,1.470999183367315766e+01
1.668000000000000000e+03,5.051812400530091054e+02,1.505372218717044674e+01
1.669000000000000000e+03,5.045934671364027508e+02,1.519368574031649466e+01
1.674000000000000000e+03,5.067307513789388622e+02,1.542290143628146382e+01
1.676000000000000000e+03,5.059343170416510134e+02,1.476941513398269024e+01
1.677000000000000000e+03,5.065426321038448805e+02,1.537828233745656981e+01
1.678000000000000000e+03,5.054966217962959263e+02,1.430275246557036972e+01
1.680000000000000000e+03,5.043074601806732176e+02,1.440273853011698257e+01
1.683000000000000000e+03,5.041487185634431967e+02,1.527669449153721359e+01
1.685000000000000000e+03,5.058753587769231217e+02,1.420262202091833359e+01
1.688000000000000000e+03,5.040665757430923009e+02,1.544057336040668460e+01
1.690000000000000000e+03,5.046733876029505268e+02,1.519771049269401963e+01
1.692000000000000000e+03,5.052425945949144648e+02,1.470533388428631838e+01
1.695000000000000000e+03,5.073778579981165535e+02,1.583868854390274450e+01
1.698000000000000000e+03,5.045278156993178413e+02,1.391516129113714939e+01
1.700000000000000000e+03,5.042012601985471179e+02,1.452061077190661287e+01
1.701000000000000000e+03,5.044783742602953112e+02,1.432374565527963917e+01
1.702000000000000000e+03,5.047694429371235287e+02,1.420820580510621056e+01
1.703000000000000000e+03,5.057193996839124566e+02,1.520649945606889908e+01
1.704000000000000000e+03,5.043196373138570152e+02,1.489296615113606848e+01
1.706000000000000000e+03,5.048451474024054733e+02,1.534523634306075657e+01
1.707000000000000000e+03,5.072997638697904108e+02,1.513280849658626614e+01
1.710000000000000000e+03,5.057141613385739447e+02,1.440650330584712790e+01
1.713000000000000000e+03,5.051948433543008150e+02,1.453220185061878666e+01
1.716000000000000000e+03,5.041639606611380486e+02,1.479128480900528331e+01
1.718000000000000000e+03,5.049189036342780810e+02,1.517417086962306350e+01
1.720000000000000000e+03,5.045262115963521410e+02,1.475614731352562714e+01
1.722000000000000000e+03,5.049776209617750169e+02,1.524820005886697061e+01
1.723000000000000000e+03,5.047307349680261268e+02,1.603753251967427218e+01
1.725000000000000000e+03,5.056719642323500921e+02,1.557214653427996964e+01
1.727000000000000000e+03,5.051161155965622811e+02,1.538193017581671107e+01
1.728000000000000000e+03,5.042345746268026687e+02,1.497344659915154530e+01
1.729000000000000000e+03,5.071763673535902512e+02,1.472450909823087528e+01
1.734000000000000000e+03,5.050998838038840972e+02,1.537122945679631059e+01
1.738000000000000000e+03,5.054006151839471386e+02,1.489056687413218683e+01
1.739000000000000000e+03,5.069212267451638354e+02,1.538312148752025443e+01
1.743000000000000000e+03,5.058237566052163743e+02,1.470116615837257079e+01
1.746000000000000000e+03,5.054503952595648570e+02,1.494976213971414758e+01
1.747000000000000000e+03,5.045021883398796945e+02,1.497130464849922937e+01
1.749000000000000000e+03,5.055020921851343019e+02,1.488446526127115987e+01
1.751000000000000000e+03,5.048557506390617959e+02,1.541967455711580115e+01
1.754000000000000000e+03,5.045224051990499561e+02,1.496030578779714837e+01
1.755000000000000000e+03,5.062473170903259074e+02,1.484976702563964857e+01
1.757000000000000000e+03,5.054057490944059055e+02,1.518008209197288316e+01
1.758000000000000000e+03,5.067245565159772696e+02,1.473117712111009148e+01
1.759000000000000000e+03,5.061298289071680756e+02,1.532770191492511813e+01
1.760000000000000000e+03,5.067799290587427663e+02,1.446490421855283337e+01
1.761000000000000000e+03,5.049842549821437956e+02,1.585952030642090982e+01
1.766000000000000000e+03,5.078418854349956177e+02,1.542623432171647480e+01
1.769000000000000000e+03,5.046029707520809211e+02,1.500707463248287965e+01
1.771000000000000000e+03,5.068901020808614817e+02,1.485040911378628259e+01
1.783000000000000000e+03,5.050201119273792187e+02,1.539200138965537334e+01
1.788000000000000000e+03,5.041383490208383478e+02,1.477017161386350175e+01
1.789000000000000000e+03,5.061809008920462816e+02,1.446007877610925618e+01
1.793000000000000000e+03,5.048426801529009253e+02,1.391421429761977535e+01
1.798000000000000000e+03,5.056520142771972246e+02,1.521089003712543608e+01
1.800000000000000000e+03,5.073023813715059873e+02,1.489201973982488347e+01
1.806000000000000000e+03,5.040342533020229894e+02,1.482741764727510159e+01
1.807000000000000000e+03,5.045174500464598850e+02,1.524462726753816355e+01
1.809000000000000000e+03,5.052900766281522351e+02,1.458055366298713196e+01
1.812000000000000000e+03,5.067244412565108291e+02,1.572097250290094550e+01
1.813000000000000000e+03,5.052936786317310407e+02,1.474381287966165388e+01
1.825000000000000000e+03,5.043838812991388068e+02,1.563075962626775706e+01
1.827000000000000000e+03,5.063218647594925415e+02,1.463351555043812091e+01
1.830000000000000000e+03,5.049164288465130994e+02,1.422753132666162124e+01
1.832000000000000000e+03,5.054062732678264638e+02,1.519319132692402974e+01
1.833000000000000000e+03,5.040742483304036341e+02,1.541888211077329451e+01
1.835000000000000000e+03,5.042230070504122068e+02,1.354287200509152989e+01
1.846000000000000000e+03,5.060314156817294133e+02,1.430363226391650144e+01
1.848000000000000000e+03,5.054389144010534665e+02,1.419164331252599354e+01
1.849000000000000000e+03,5.043543887237433978e+02,1.488530883407226568e+01
1.851000000000000000e+03,5.070506217852190503e+02,1.531330681863153487e+01
1.853000000000000000e+03,5.053383083472199928e+02,1.531170356913995789e+01
1.854000000000000000e+03,5.055011646360859459e+02,1.535172006656944710e+01
1.856000000000000000e+03,5.062849306001286322e+02,1.484235167235693709e+01
1.858000000000000000e+03,5.040773872585597246e+02,1.512304180765820405e+01
1.859000000000000000e+03,5.040206436775424663e+02,1.459885998643022909e+01
1.861000000000000000e+03,5.051216165463195580e+02,1.485839098052738372e+01
1.862000000000000000e+03,5.050869774411044091e+02,1.471721181606300455e+01
1.864000000000000000e+03,5.061086804857562811e+02,1.535920871173582114e+01
1.866000000000000000e+03,5.055650924086833129e+02,1.467916658993480894e+01
1.867000000000000000e+03,5.057534102736551631e+02,1.583267595881176604e+01
1.873000000000000000e+03,5.050593210645386648e+02,1.447244616225977509e+01
1.874000000000000000e+03,5.061206174922392051e+02,1.541139139041700190e+01
1.875000000000000000e+03,5.062913676215799228e+02,1.451867449404051236e+01
1.880000000000000000e+03,5.054297032661949061e+02,1.488434952853515014e+01
1.881000000000000000e+03,5.067311656470964749e+02,1.471179021183257873e+01
1.885000000000000000e+03,5.040603223176391907e+02,1.533268446751641534e+01
1.887000000000000000e+03,5.043481220889281644e+02,1.452496825126693558e+01
1.890000000000000000e+03,5.045925684960074022e+02,1.495864248805175301e+01
1.897000000000000000e+03,5.066972943410094103e+02,1.563628508146428508e+01
1.898000000000000000e+03,5.046218388958824903e+02,1.506315709974160022e+01
1.900000000000000000e+03,5.048939088090214682e+02,1.450356699945722738e+01
1.902000000000000000e+03,5.058462492751733066e+02,1.533313483602176142e+01
1.903000000000000000e+03,5.042392843843961714e+02,1.528898926181977913e+01
1.905000000000000000e+03,5.043954338516205667e+02,1.493567027682397175e+01
1.910000000000000000e+03,5.069650299989701807e+02,1.469582461766033177e+01
1.911000000000000000e+03,5.079626002923852752e+02,1.529626515365888118e+01
1.912000000000000000e+03,5.047761022028815319e+02,1.520481805934199748e+01
1.913000000000000000e+03,5.045016889498888872e+02,1.517848637963346370e+01
1.921000000000000000e+03,5.049958205122350705e+02,1.525899738819572526e+01
1.924000000000000000e+03,5.076481653394999398e+02,1.495954133116865670e+01
1.928000000000000000e+03,5.057019192699971200e+02,1.579633499914144146e+01
1.929000000000000000e+03,5.074166949084411726e+02,1.500967203540587747e+01
1.931000000000000000e+03,5.044933984464730656e+02,1.497505992293594090e+01
1.934000000000000000e+03,5.087886866940340838e+02,1.514547368216974199e+01
1.936000000000000000e+03,5.040074793229891270e+02,1.460455910415271674e+01
1.937000000000000000e+03,5.044353863435308654e+02,1.501700404811407275e+01
1.938000000000000000e+03,5.056715726498786694e+02,1.431748910228668237e+01
1.940000000000000000e+03,5.041161010790082173e+02,1.525943559022006113e+01
1.942000000000000000e+03,5.040382538824902099e+02,1.500080951567847087e+01
1.944000000000000000e+03,5.047431437797121134e+02,1.580216955415429858e+01
1.946000000000000000e+03,5.042542007878043933e+02,1.506932259185504286e+01
1.948000000000000000e+03,5.057521005015443620e+02,1.456586951920083450e+01
1.951000000000000000e+03,5.060238430014279629e+02,1.487185958787421391e+01
1.955000000000000000e+03,5.062488761863416471e+02,1.514748572785441105e+01
1.957000000000000000e+03,5.097754970673199750e+02,1.564046978833336432e+01
1.958000000000000000e+03,5.056121136181321276e+02,1.466728885093526991e+01
1.961000000000000000e+03,5.040711081497153145e+02,1.533442006527310930e+01
1.962000000000000000e+03,5.045422448567586571e+02,1.533597230390724953e+01
1.963000000000000000e+03,5.047904311719001385e+02,1.519210103600294914e+01
1.964000000000000000e+03,5.046112089320068890e+02,1.450278573910010316e+01
1.969000000000000000e+03,5.057675401937341348e+02,1.539835096353537125e+01
1.970000000000000000e+03,5.046871134445617031e+02,1.500759147127021720e+01
1.972000000000000000e+03,5.048118015530595244e+02,1.532279385608709710e+01
1.976000000000000000e+03,5.057482254399720318e+02,1.498788358306515356e+01
1.977000000000000000e+03,5.053950529242457037e+02,1.560122562399153523e+01
1.979000000000000000e+03,5.043141045742490860e+02,1.341164809340200037e+01
1.983000000000000000e+03,5.052247869447655262e+02,1.451075022706669770e+01
1.984000000000000000e+03,5.054062500907521667e+02,1.637760887185995173e+01
1.985000000000000000e+03,5.045261708401945953e+02,1.484719469292309846e+01
1.986000000000000000e+03,5.049501915736959745e+02,1.536547948818810738e+01
1.987000000000000000e+03,5.045323565742299365e+02,1.467467008631580860e+01
1.989000000000000000e+03,5.043638450893478762e+02,1.491487087660204658e+01
1.990000000000000000e+03,5.051008190504553568e+02,1.486719771985694827e+01
1.991000000000000000e+03,5.050085826596271659e+02,1.480006088066581427e+01
1.992000000000000000e+03,5.058778267429493098e+02,1.494267958224680370e+01
1.993000000000000000e+03,5.049166076944021029e+02,1.513213413582281852e+01
1.994000000000000000e+03,5.042028964150831598e+02,1.492494152437309651e+01
1.995000000000000000e+03,5.056403004766328309e+02,1.436799691602631768e+01
2.008000000000000000e+03,5.048184913368648381e+02,1.571365268214460897e+01
2.009000000000000000e+03,5.053751402752531021e+02,1.479028262367072521e+01
2.014000000000000000e+03,5.051589496838635114e+02,1.515367280835398489e+01
2.018000000000000000e+03,5.047708360604184463e+02,1.531380314878091475e+01
2.021000000000000000e+03,5.040547538759163899e+02,1.490807305342039513e+01
2.022000000000000000e+03,5.062213171916773149e+02,1.457716344775294282e+01
2.026000000000000000e+03,5.071010223630216842e+02,1.504225257284643114e+01
2.027000000000000000e+03,5.059778927058789009e+02,1.539899727480611880e+01
2.030000000000000000e+03,5.051142451932745985e+02,1.543438625029538613e+01
2.032000000000000000e+03,5.044527155387124253e+02,1.529392794406886757e+01
2.033000000000000000e+03,5.045109403183332688e+02,1.530986939235143396e+01
2.034000000000000000e+03,5.056204198149977742e+02,1.404434155416874752e+01
2.035000000000000000e+03,5.090193200778221581e+02,1.504648962326470496e+01
2.036000000000000000e+03,5.042848319343575554e+02,1.476575194331984164e+01
2.045000000000000000e+03,5.057420613346489517e+02,1.526548783098204609e+01
2.050000000000000000e+03,5.051501965293352896e+02,1.368759147181294367e+01
2.057000000000000000e+03,5.052487783614254795e+02,1.547440654823581063e+01
2.058000000000000000e+03,5.040251226580038519e+02,1.506534501223219102e+01
2.060000000000000000e+03,5.052017959243359542e+02,1.476210227799754904e+01
2.062000000000000000e+03,5.042809296998577793e+02,1.465649295015025189e+01
2.064000000000000000e+03,5.040307246987992471e+02,1.496206427465748767e+01
2.068000000000000000e+03,5.063454962721998527e+02,1.507346764919334348e+01
2.069000000000000000e+03,5.053524308044831628e+02,1.473893421499000311e+01
2.070000000000000000e+03,5.054307949691823296e+02,1.653843018509025242e+01
2.071000000000000000e+03,5.059722614436124104e+02,1.568005795009015557e+01
2.076000000000000000e+03,5.047315422995422978e+02,1.432996396443803278e+01
2.077000000000000000e+03,5.059077688743376484e+02,1.521610834537962731e+01
2.081000000000000000e+03,5.047024134978582310e+02,1.568695719260572474e+01
2.089000000000000000e+03,5.064049350689414837e+02,1.531798387535586947e+01
2.090000000000000000e+03,5.041534895292046485e+02,1.458896199408603600e+01
2.091000000000000000e+03,5.041009487192216625e+02,1.439035776673890332e+01
2.092000000000000000e+03,5.047444142880868299e+02,1.471527511275394495e+01
2.094000000000000000e+03,5.055782235748405355e+02,1.446788999659132635e+01
2.096000000000000000e+03,5.048409612344824495e+02,1.415574740596574976e+01
2.099000000000000000e+03,5.051357793160500478e+02,1.530189526013894685e+01
2.100000000000000000e+03,5.042528190521950364e+02,1.480406161730656756e+01
2.103000000000000000e+03,5.057508695688295575e+02,1.481336587702934260e+01
2.105000000000000000e+03,5.067853459065119068e+02,1.546412284567216311e+01
2.107000000000000000e+03,5.047767838512167486e+02,1.442325378700760830e+01
2.109000000000000000e+03,5.047063748621646937e+02,1.458823251468707483e+01
2.114000000000000000e+03,5.049816486908402453e+02,1.436404049944363948e+01
2.120000000000000000e+03,5.083252308432258246e+02,1.583186641607173684e+01
2.121000000000000000e+03,5.050692085757960399e+02,1.515262156326567577e+01
2.125000000000000000e+03,5.045942382303504132e+02,1.474938294610489287e+01
2.127000000000000000e+03,5.057286433893377193e+02,1.511927747688686985e+01
2.128000000000000000e+03,5.049307626308824979e+02,1.435471928902689065e+01
2.129000000000000000e+03,5.049363714514158801e+02,1.492837054231790361e+01
2.130000000000000000e+03,5.043769514776194569e+02,1.554827355911512754e+01
2.132000000000000000e+03,5.048457224719336409e+02,1.576724105089725825e+01
2.133000000000000000e+03,5.046836282674827316e+02,1.556118710935158056e+01
2.137000000000000000e+03,5.065980403029903982e+02,1.561499518421934241e+01
2.145000000000000000e+03,5.064797268772041434e+02,1.552003090995128787e+01
2.151000000000000000e+03,5.068229403314560386e+02,1.562656641238412192e+01
2.158000000000000000e+03,5.060632875900075192e+02,1.497423853573767616e+01
2.159000000000000000e+03,5.046153821214502386e+02,1.525154518431187256e+01
2.162000000000000000e+03,5.044964434969935496e+02,1.493832796797694407e+01
2.163000000000000000e+03,5.057802980770425165e+02,1.515452372151632687e+01
2.164000000000000000e+03,5.066610813731367671e+02,1.467215614026927817e+01
2.169000000000000000e+03,5.044327167488926875e+02,1.572637777256309199e+01
2.170000000000000000e+03,5.054746690331782020e+02,1.576437392527045489e+01
2.175000000000000000e+03,5.076790774433895308e+02,1.431308258755067087e+01
2.178000000000000000e+03,5.075472124384592689e+02,1.519480226204599305e+01
2.183000000000000000e+03,5.062456969493530323e+02,1.492639736065720157e+01
2.185000000000000000e+03,5.065668674025926634e+02,1.581789890306790802e+01
2.189000000000000000e+03,5.046771065395414553e+02,1.619605481763699473e+01
2.191000000000000000e+03,5.044243453321639095e+02,1.534161150739440416e+01
2.192000000000000000e+03,5.075486192465737076e+02,1.494259887562046885e+01
2.196000000000000000e+03,5.043517744123860780e+02,1.535570528973274840e+01
2.199000000000000000e+03,5.044757445697421758e+02,1.457596720098474563e+01
2.200000000000000000e+03,5.071086962195734600e+02,1.478812015898864907e+01
2.202000000000000000e+03,5.049395158842963838e+02,1.410217841368499236e+01
2.205000000000000000e+03,5.044448125557607341e+02,1.436288394046160199e+01
2.206000000000000000e+03,5.064682320570719298e+02,1.552424132552529557e+01
2.207000000000000000e+03,5.042112266975713055e+02,1.524388741054216823e+01
2.211000000000000000e+03,5.047090306527107373e+02,1.536677390675293253e+01
2.212000000000000000e+03,5.052646661246467943e+02,1.500439182744907463e+01
2.215000000000000000e+03,5.040317564593041197e+02,1.474411822102884884e+01
2.218000000000000000e+03,5.076994435783330459e+02,1.507766249959970040e+01
2.222000000000000000e+03,5.049883839429998602e+02,1.490703775952561472e+01
2.225000000000000000e+03,5.061426080645460388e+02,1.438274400078880255e+01
2.226000000000000000e+03,5.063392060090272935e+02,1.448401685807641037e+01
2.229000000000000000e+03,5.055150273796738247e+02,1.500725449963132618e+01
2.231000000000000000e+03,5.050812511983255604e+02,1.562716918037867053e+01
2.233000000000000000e+03,5.052851946765986213e+02,1.526921747860822620e+01
2.235000000000000000e+03,5.049615282381330417e+02,1.619718095029122651e+01
2.239000000000000000e+03,5.048726369139134249e+02,1.519158409487945072e+01
2.241000000000000000e+03,5.046688259609449574e+02,1.415386458417833637e+01
2.242000000000000000e+03,5.074528811690309453e+02,1.491480711730590158e+01
2.244000000000000000e+03,5.067344251499372376e+02,1.541402940744665528e+01
2.249000000000000000e+03,5.053433002238489280e+02,1.490666051884327814e+01
2.251000000000000000e+03,5.065223098604947154e+02,1.517558273381354184e+01
2.255000000000000000e+03,5.042272637652499157e+02,1.443923492628748662e+01
2.256000000000000000e+03,5.052737747801946284e+02,1.535467625722765916e+01
2.260000000000000000e+03,5.043734771034669961e+02,1.484740557725962340e+01
2.261000000000000000e+03,5.043085895099234222e+02,1.552345589724406949e+01
2.262000000000000000e+03,5.059715643836443064e+02,1.483237795906598677e+01
2.264000000000000000e+03,5.048604322109009104e+02,1.537182588777008618e+01
2.265000000000000000e+03,5.058850150249559761e+02,1.489756166806764170e+01
2.267000000000000000e+03,5.041393036518379631e+02,1.580378915319975519e+01
2.270000000000000000e+03,5.041953529670767011e+02,1.441053825435083802e+01
2.276000000000000000e+03,5.048587465659130089e+02,1.502064372779372015e+01
2.278000000000000000e+03,5.048326250018184282e+02,1.516721925742426080e+01
2.279000000000000000e+03,5.044251825857078870e+02,1.573903594917822168e+01
2.282000000000000000e+03,5.058882188060947556e+02,1.504223339319497299e+01
2.285000000000000000e+03,5.044241217865038038e+02,1.616233665292640964e+01
2.286000000000000000e+03,5.050667810185651661e+02,1.499149696275808452e+01
2.289000000000000000e+03,5.063447397233970264e+02,1.464320766504641291e+01
2.290000000000000000e+03,5.069777993275951644e+02,1.408961986109899200e+01
2.291000000000000000e+03,5.054577161015636193e+02,1.464711325845231826e+01
2.295000000000000000e+03,5.045450282105315409e+02,1.482704033547641487e+01
2.296000000000000000e+03,5.043367964417773806e+02,1.544457691239390229e+01
2.297000000000000000e+03,5.063031971858928841e+02,1.443912444857205557e+01
2.298000000000000000e+03,5.048009001850722939e+02,1.461656798099772381e+01
2.300000000000000000e+03,5.056038952354458615e+02,1.551438449571173983e+01
2.303000000000000000e+03,5.040004004125033816e+02,1.503905886761800836e+01
2.304000000000000000e+03,5.074913349795679096e+02,1.520011792776338844e+01
2.305000000000000000e+03,5.097198371120107367e+02,1.510082645256462719e+01
2.306000000000000000e+03,5.047134461182723726e+02,1.448501386261153279e+01
2.308000000000000000e+03,5.045690112969610936e+02,1.446315567054112350e+01
2.309000000000000000e+03,5.052753108517476903e+02,1.504054127145041164e+01
2.311000000000000000e+03,5.070904227118246581e+02,1.626969081139143114e+01
2.313000000000000000e+03,5.044954861781827731e+02,1.429788021686920629e+01
2.314000000000000000e+03,5.048318485041089048e+02,1.493290989466153817e+01
2.315000000000000000e+03,5.043431732212289376e+02,1.525967937281894393e+01
2.316000000000000000e+03,5.051778810009392373e+02,1.583668197307626180e+01
2.320000000000000000e+03,5.043790024612404750e+02,1.430970064705017464e+01
2.321000000000000000e+03,5.050578730070242273e+02,1.478192227924625790e+01
2.322000000000000000e+03,5.044155457323037695e+02,1.487118975724450287e+01
2.323000000000000000e+03,5.068489848666950479e+02,1.496518327334994680e+01
2.325000000000000000e+03,5.048374833111850535e+02,1.465818285885680616e+01
2.328000000000000000e+03,5.048910755151315470e+02,1.507479897875939479e+01
2.329000000000000000e+03,5.051982042214862645e+02,1.504891358735396167e+01
2.334000000000000000e+03,5.052807663270396006e+02,1.420888841662676150e+01
2.335000000000000000e+03,5.046504100322131308e+02,1.502511384958284069e+01
2.336000000000000000e+03,5.045013314427624209e+02,1.523975377400080511e+01
2.340000000000000000e+03,5.048976568404050909e+02,1.471294966235820034e+01
2.341000000000000000e+03,5.043419458887787528e+02,1.526820694994567162e+01
2.342000000000000000e+03,5.044840376959855917e+02,1.551694052746210417e+01
2.345000000000000000e+03,5.056943054235073873e+02,1.506173990458229639e+01
2.348000000000000000e+03,5.048869578238279701e+02,1.537330568230107808e+01
2.350000000000000000e+03,5.056198727680932166e+02,1.613791271382381964e+01
2.351000000000000000e+03,5.047340118991534155e+02,1.457388767850133782e+01
2.352000000000000000e+03,5.048671386464009743e+02,1.525905085101498848e+01
2.354000000000000000e+03,5.059238879707727961e+02,1.456535650650567781e+01
2.355000000000000000e+03,5.040225010624677111e+02,1.499456643148251445e+01
2.359000000000000000e+03,5.043173056229613280e+02,1.443491063525765838e+01
2.363000000000000000e+03,5.057253767499798300e+02,1.500801264114758027e+01
2.365000000000000000e+03,5.065674554198329815e+02,1.548681112471392396e+01
2.369000000000000000e+03,5.059716232400138551e+02,1.443596872259615260e+01
2.373000000000000000e+03,5.045035654723350831e+02,1.450241302005038158e+01
2.374000000000000000e+03,5.057347976318048950e+02,1.527484159314512979e+01
2.375000000000000000e+03,5.063969984597858343e+02,1.590071504963324323e+01
2.379000000000000000e+03,5.040205610131657750e+02,1.500784889797887978e+01
2.382000000000000000e+03,5.041875757630997441e+02,1.489968035058728368e+01
2.388000000000000000e+03,5.052803968222495996e+02,1.454101194769463135e+01
2.389000000000000000e+03,5.055704986694474883e+02,1.586558481588365055e+01
2.404000000000000000e+03,5.068469041805970505e+02,1.619085676586627187e+01
2.405000000000000000e+03,5.061809221035807127e+02,1.541361805382871175e+01
2.407000000000000000e+03,5.051594648357583424e+02,1.474701690050607183e+01
2.408000000000000000e+03,5.051227931089831600e+02,1.448706594701526207e+01
2.410000000000000000e+03,5.051375552875097128e+02,1.505358495762979842e+01
2.411000000000000000e+03,5.065758638368250786e+02,1.446074362931770096e+01
2.414000000000000000e+03,5.055353229336869845e+02,1.518019669750903944e+01
2.415000000000000000e+03,5.040429906216513132e+02,1.525214392669213659e+01
2.416000000000000000e+03,5.046029525504790740e+02,1.514548236506872136e+01
2.417000000000000000e+03,5.041811784328010049e+02,1.474649567036497189e+01
2.418000000000000000e+03,5.042813918418563048e+02,1.474304968667557780e+01
2.420000000000000000e+03,5.055946354132428837e+02,1.589238751959254792e+01
2.421000000000000000e+03,5.058391799848555479e+02,1.500672518230964592e+01
2.425000000000000000e+03,5.045285095120356686e+02,1.446333598388855179e+01
2.426000000000000000e+03,5.046441148834283013e+02,1.478557603719696267e+01
2.428000000000000000e+03,5.057487067197409942e+02,1.530010648287213826e+01
2.430000000000000000e+03,5.046292118517872041e+02,1.590380425388463159e+01
2.437000000000000000e+03,5.051520943428830037e+02,1.560128825261261376e+01
2.440000000000000000e+03,5.069991678084108457e+02,1.494900264168203385e+01
2.441000000000000000e+03,5.062629081573809913e+02,1.457878368493683752e+01
2.443000000000000000e+03,5.048794156104904118e+02,1.532721551355280987e+01
2.445000000000000000e+03,5.040269744306621078e+02,1.499334768231068260e+01
2.446000000000000000e+03,5.040884482580269719e+02,1.470008898834007560e+01
2.454000000000000000e+03,5.048641041314252220e+02,1.459115880169743384e+01
2.455000000000000000e+03,5.064744923106718488e+02,1.443308482159682349e+01
2.458000000000000000e+03,5.044993702206058401e+02,1.418649753956662529e+01
2.459000000000000000e+03,5.044440045418385239e+02,1.601129511528474225e+01
2.461000000000000000e+03,5.049853648367194410e+02,1.461049028924000659e+01
2.462000000000000000e+03,5.044644979053613270e+02,1.513621069832680455e+01
2.464000000000000000e+03,5.052383121287785457e+02,1.559554292738673809e+01
2.465000000000000000e+03,5.052745816745334650e+02,1.459069748666995991e+01
2.468000000000000000e+03,5.048666579856221119e+02,1.433206879791569399e+01
2.470000000000000000e+03,5.056459560955320285e+02,1.564537921206121496e+01
2.471000000000000000e+03,5.082277449892387153e+02,1.629395448676534386e+01
2.474000000000000000e+03,5.041076371912097329e+02,1.479509937810323272e+01
2.475000000000000000e+03,5.049431250102522881e+02,1.539167935526201525e+01
2.477000000000000000e+03,5.064065213266420642e+02,1.436861511215071729e+01
2.479000000000000000e+03,5.048858372460632040e+02,1.503948202283404179e+01
2.481000000000000000e+03,5.069387558124145698e+02,1.532952717195670900e+01
2.482000000000000000e+03,5.074850307063362607e+02,1.551344730912895642e+01
2.485000000000000000e+03,5.052191757739595914e+02,1.520791331472767105e+01
2.493000000000000000e+03,5.063872640069376416e+02,1.454089391674510345e+01
2.495000000000000000e+03,5.051264103734959576e+02,1.491543865717859241e+01
2.498000000000000000e+03,5.050807437921034193e+02,1.534816143104016106e+01
2.499000000000000000e+03,5.041801025891377890e+02,1.513939990619273068e+01
2.500000000000000000e+03,5.046412259944390826e+02,1.489566581438976733e+01
2.501000000000000000e+03,5.054363693210657402e+02,1.484366577713382185e+01
2.506000000000000000e+03,5.093981888506174300e+02,1.493548294243510810e+01
2.507000000000000000e+03,5.059893591614736010e+02,1.457416891283280336e+01
2.510000000000000000e+03,5.044637321234369551e+02,1.486379499169815688e+01
2.511000000000000000e+03,5.045945295947559543e+02,1.561686213916809685e+01
2.512000000000000000e+03,5.045977676706347097e+02,1.459745240948474532e+01
2.515000000000000000e+03,5.041557590483187141e+02,1.486984547936428136e+01
2.521000000000000000e+03,5.094705180052068272e+02,1.440080393752397825e+01
2.522000000000000000e+03,5.042349633309486308e+02,1.554209912202177080e+01
2.524000000000000000e+03,5.053436030039545130e+02,1.509919675858874299e+01
2.525000000000000000e+03,5.044653757744184190e+02,1.499540882330743052e+01
2.526000000000000000e+03,5.043401889809036902e+02,1.474112127638889014e+01
2.527000000000000000e+03,5.047137011864313649e+02,1.510890116987436294e+01
2.528000000000000000e+03,5.076130871296591067e+02,1.523779421796429112e+01
2.530000000000000000e+03,5.044472641536228821e+02,1.473061958132695182e+01
2.532000000000000000e+03,5.046110252926844737e+02,1.512808530284713981e+01
2.536000000000000000e+03,5.054516334386894414e+02,1.474373294467672579e+01
2.537000000000000000e+03,5.053369088878848174e+02,1.459923620494772933e+01
2.544000000000000000e+03,5.083534329726910528e+02,1.483525534989100692e+01
2.545000000000000000e+03,5.043659196507213665e+02,1.583742983645703184e+01
2.548000000000000000e+03,5.055427665908587755e+02,1.400055554656937495e+01
2.549000000000000000e+03,5.076768855457398786e+02,1.501701479317333998e+01
2.552000000000000000e+03,5.072419303507435870e+02,1.508378505290049532e+01
2.553000000000000000e+03,5.042792283547418037e+02,1.558112979875283344e+01
2.555000000000000000e+03,5.045692581722448722e+02,1.544745527801341289e+01
2.558000000000000000e+03,5.041556423456861467e+02,1.409647930253409243e+01
2.559000000000000000e+03,5.053485402790756780e+02,1.486257734966510391e+01
2.563000000000000000e+03,5.040107675113486607e+02,1.453622333459413518e+01
2.567000000000000000e+03,5.048022724836473003e+02,1.484818696355099910e+01
2.568000000000000000e+03,5.052169022333133057e+02,1.475555694047815436e+01
2.574000000000000000e+03,5.087415861820599616e+02,1.521581581481879830e+01
2.576000000000000000e+03,5.064283544775048540e+02,1.628599765874748329e+01
2.577000000000000000e+03,5.054937175469316344e+02,1.387528377289961767e+01
2.578000000000000000e+03,5.040612728089802772e+02,1.530436779456220897e+01
2.579000000000000000e+03,5.070172409683902401e+02,1.472143471371388479e+01
2.580000000000000000e+03,5.042442109452137515e+02,1.470679242555561395e+01
2.581000000000000000e+03,5.042783183913358585e+02,1.469011393587306102e+01
2.583000000000000000e+03,5.059471377648372368e+02,1.584226241730172546e+01
2.584000000000000000e+03,5.056929384676217865e+02,1.542114866350695124e+01
2.590000000000000000e+03,5.059748762693682806e+02,1.465029272993835541e+01
2.594000000000000000e+03,5.051968617644105848e+02,1.429447158446695987e+01
2.598000000000000000e+03,5.059001579128537287e+02,1.405361891120497475e+01
2.601000000000000000e+03,5.047394228919322927e+02,1.480133837372431849e+01
2.608000000000000000e+03,5.052941323937742482e+02,1.489735799025187468e+01
2.609000000000000000e+03,5.060497500825574662e+02,1.555927497212766220e+01
2.610000000000000000e+03,5.048030439826790143e+02,1.473673415645197871e+01
2.614000000000000000e+03,5.046975887791238051e+02,1.464528442133576291e+01
2.615000000000000000e+03,5.048366809774361741e+02,1.532229771620758818e+01
2.618000000000000000e+03,5.044145608092304656e+02,1.471484296610676701e+01
2.619000000000000000e+03,5.064116446442935171e+02,1.441044589281857569e+01
2.620000000000000000e+03,5.049090130796494691e+02,1.501695136184116919e+01
2.621000000000000000e+03,5.050781133747510125e+02,1.440479613216275467e+01
2.623000000000000000e+03,5.063209182904070076e+02,1.495446206982348691e+01
2.624000000000000000e+03,5.043195255919189890e+02,1.491120200262063022e+01
2.626000000000000000e+03,5.063067399402503952e+02,1.548195346703793085e+01
2.627000000000000000e+03,5.048958065450780737e+02,1.498995062411517409e+01
2.630000000000000000e+03,5.040931510902815376e+02,1.465697512148241088e+01
2.631000000000000000e+03,5.044263695905351597e+02,1.469139387667601859e+01
2.633000000000000000e+03,5.041226173468857610e+02,1.482742655943098598e+01
2.634000000000000000e+03,5.068999147491527424e+02,1.534396648602571389e+01
2.635000000000000000e+03,5.056430863044697617e+02,1.469350836436465535e+01
2.637000000000000000e+03,5.053826211615349848e+02,1.559199372159844543e+01
2.639000000000000000e+03,5.042958540998936314e+02,1.496998122915571727e+01
2.640000000000000000e+03,5.071186126994662118e+02,1.469902777903241109e+01
2.649000000000000000e+03,5.053045543475732870e+02,1.429652829974341444e+01
2.651000000000000000e+03,5.065385678472835593e+02,1.505544319141420928e+01
2.652000000000000000e+03,5.045215841770552174e+02,1.585229604664868930e+01
2.653000000000000000e+03,5.055611611712481022e+02,1.444594377087056536e+01
2.655000000000000000e+03,5.052090504541332052e+02,1.569974321348617075e+01
2.657000000000000000e+03,5.052804950016729890e+02,1.486124319056988341e+01
2.659000000000000000e+03,5.046065024399695744e+02,1.489826942945984811e+01
2.662000000000000000e+03,5.046944564365067549e+02,1.554509173551022272e+01
2.664000000000000000e+03,5.044264125841982604e+02,1.401633746788700208e+01
2.666000000000000000e+03,5.051963484253333263e+02,1.514676876498432101e+01
2.668000000000000000e+03,5.046045998753590425e+02,1.483666337624547715e+01
2.669000000000000000e+03,5.047512618672919871e+02,1.506237604983196654e+01
2.671000000000000000e+03,5.046640531341694782e+02,1.519086708448125478e+01
2.672000000000000000e+03,5.040208845266670892e+02,1.481331578749845690e+01
2.676000000000000000e+03,5.041993000945993799e+02,1.490834964523690154e+01
2.680000000000000000e+03,5.048582855508764169e+02,1.597991862737233681e+01
2.683000000000000000e+03,5.049637414085765954e+02,1.501839141658711796e+01
2.684000000000000000e+03,5.041701160581682188e+02,1.380784660560712673e+01
2.685000000000000000e+03,5.041323119143655731e+02,1.537257543214240840e+01
2.686000000000000000e+03,5.044385351796170767e+02,1.506708320799792133e+01
2.688000000000000000e+03,5.050135773599739650e+02,1.464426890295814765e+01
2.689000000000000000e+03,5.047249375880272169e+02,1.480777156051145482e+01
2.694000000000000000e+03,5.041677199331370502e+02,1.521543120950751948e+01
2.695000000000000000e+03,5.063627335636623457e+02,1.436215867000213464e+01
2.696000000000000000e+03,5.056635334553456573e+02,1.493572685337402106e+01
2.698000000000000000e+03,5.047441399806120899e+02,1.390280876508998809e+01
2.699000000000000000e+03,5.061578666390708463e+02,1.579973547005689483e+01
2.700000000000000000e+03,5.042736170413784293e+02,1.535157127111000186e+01
2.701000000000000000e+03,5.056819608503719223e+02,1.526660365894965565e+01
2.702000000000000000e+03,5.075245408914015570e+02,1.508270183014985300e+01
2.703000000000000000e+03,5.055474190922139428e+02,1.430899121565378174e+01
2.705000000000000000e+03,5.055901769481695283e+02,1.542089038739200646e+01
2.709000000000000000e+03,5.066268267176642439e+02,1.492912122298623068e+01
2.711000000000000000e+03,5.065647354493562489e+02,1.536425932175726849e+01
2.712000000000000000e+03,5.044997282474807321e+02,1.531880290611560369e+01
2.714000000000000000e+03,5.042352985859828323e+02,1.559776569404335511e+01
2.716000000000000000e+03,5.047510160336620970e+02,1.525229090723869518e+01
2.717000000000000000e+03,5.052704629659779698e+02,1.531326918166847051e+01
2.720000000000000000e+03,5.074083148675005646e+02,1.462702893676219951e+01
2.723000000000000000e+03,5.064633268049252024e+02,1.469273060815445220e+01
2.724000000000000000e+03,5.074251743810615949e+02,1.457182574085939741e+01
2.726000000000000000e+03,5.055229260708167089e+02,1.555931616707710674e+01
2.727000000000000000e+03,5.061829518310617573e+02,1.500652168718847612e+01
2.730000000000000000e+03,5.059617490263094624e+02,1.564603016716326067e+01
2.731000000000000000e+03,5.068700285574170152e+02,1.462541413669837986e+01
2.732000000000000000e+03,5.046257617203486916e+02,1.565775414547005262e+01
2.734000000000000000e+03,5.074741222233988651e+02,1.491979030901232584e+01
2.737000000000000000e+03,5.041846756689792528e+02,1.482315712021649645e+01
2.738000000000000000e+03,5.066083208414295314e+02,1.438378438041799967e+01
2.739000000000000000e+03,5.052079519531044411e+02,1.547623098526808505e+01
2.740000000000000000e+03,5.043297310007238252e+02,1.584459446682583916e+01
2.741000000000000000e+03,5.044265770602362409e+02,1.583496139070232012e+01
2.743000000000000000e+03,5.046162790290370026e+02,1.490118976610201784e+01
2.748000000000000000e+03,5.042726466356231185e+02,1.475402154756525874e+01
2.750000000000000000e+03,5.070109513966309578e+02,1.451361774161999918e+01
2.751000000000000000e+03,5.066460394504297255e+02,1.520331101711133748e+01
2.759000000000000000e+03,5.047454224478005358e+02,1.538755756079454251e+01
2.760000000000000000e+03,5.047590591684436276e+02,1.447723525716297388e+01
2.762000000000000000e+03,5.052907108615252127e+02,1.468774477245571219e+01
2.764000000000000000e+03,5.040063304760759593e+02,1.501574578113099712e+01
2.765000000000000000e+03,5.051406880252249039e+02,1.534503683816830666e+01
2.767000000000000000e+03,5.044094818242822953e+02,1.534580928756069440e+01
2.779000000000000000e+03,5.044588830361721534e+02,1.500784111823581135e+01
2.780000000000000000e+03,5.052490341482650251e+02,1.595013421215548277e+01
2.790000000000000000e+03,5.046900589316711034e+02,1.472341137732636440e+01
2.796000000000000000e+03,5.046462556264824002e+02,1.520471926532112583e+01
2.799000000000000000e+03,5.041022146783834614e+02,1.522949700083714575e+01
